full_title,format_code,isbn13,year_published,bisac_status
The Ming Tribute Grain System,PB,9780892649013,1969,Out of Print
Commerce and Society in Sung China,PB,9780892649020,1969,Active
Transport in Transition: The Evolution of Traditional Shipping in China,PB,9780892649037,1972,Active
"Japanese Perspectives on China's Early Modernization: The Self-Strengthening Movement, 1860–1895",PB,9780892649044,1974,Out of Stock Indefinitely
The Silk Industry in Ch'ing China,PB,9780892649051,1976,Temporarily out of Stock
The Pawnshop in China,PB,9780892649068,1979,Active
The Tower of Myriad Mirrors: A Supplement to Journey to the West,PB,9780892641420,2000,Active
The Tower of Myriad Mirrors: A Supplement to Journey to the West,EB,9780892649099,,Active
The World around the Chinese Artist: Aspects of Realism in Chinese Painting,HC,9780472101306,,Out of Print
The World around the Chinese Artist: Aspects of Realism in Chinese Painting,PB,9780892641437,2000,Active
The Concept of Man in Contemporary China,PB,9780892641444,2000,Active
The Chinese Calculus of Deterrence: India and Indochina,PB,9780892641499,2001,Active
Pan Chao: Foremost Woman Scholar of China,PB,9780892641505,2001,Active
The Concept of Man in Early China,PB,9780892641512,2001,Active
Exiles at Home: Stories by Ch'en Ying-chen,PB,9780892641598,2002,Active
"""At Middle Age"": A Learning Guide",PB,9780892641031,1991,Active
"""A Great Wall"": A Learning Guide",PB,9780892641123,1993,Active
"""Strange Friends"": A Learning Guide",PB,9780892641024,1991,Active
"""The Girl in Red"": A Study Guide for the Film",PB,9780892641161,1994,Out of Stock Indefinitely
"""The True Story of Ah Q"": A Learning Guide",PB,9780892641055,1992,Out of Stock Indefinitely
"""Under the Bridge"": A Study Guide for the Film",PB,9780892641130,1994,Active
"The Chinese Economy, 1912–1949",HC,9780892640010,1981,Out of Print
"The Chinese Economy, 1912–1949",PB,,1968,
The Cultural Revolution: 1967 in Review,HC,9780892640027,1968,Out of Print
Two Studies in Chinese Literature,PB,9780892640034,1968,Active
Early Communist China: Two Studies,PB,9780892640041,1969,Out of Stock Indefinitely
"The Chinese Economy, ca. 1870–1911",HC,9780892640058,1969,Out of Print
"Chinese Paintings in Chinese Publications, 1956–1968: An Annotated Bibliography and Index to the Paintings",HC,9780892641246,1969,Out of Stock Indefinitely
"Chinese Paintings in Chinese Publications, 1956–1968: An Annotated Bibliography and Index to the Paintings",PB,9780892640065,,Out of Print
The Treaty Ports and China's Modernization: What Went Wrong?,HC,9780892640072,1970,Out of Print
Two Twelfth-Century Texts on Chinese Painting,HC,9780892640089,1970,Out of Print
"The Economy of Communist China, 1949–1969",HC,9780892640096,1971,Out of Print
Educated Youth and the Cultural Revolution in China,HC,9780892640102,1971,Out of Print
Premodern China: A Bibliographical Introduction,HC,9780892640119,1971,Out of Print
Two Studies on Ming History,HC,9780892640126,1971,Out of Print
Nineteenth-Century China: Five Imperialist Perspectives,HC,9780892640133,1972,Out of Print
"Modern China, 1840–1972: An Introduction to Sources and Aids",HC,9780892640140,1973,Out of Print
Women in China: Studies in Social Change and Feminism,PB,9780892640157,1973,Active
An Annotated Bibliography of Chinese Painting Catalogues and Related Texts,HC,9780892640164,1973,Out of Print
"China's Allocation of Fixed Capital Investment, 1952–1957",PB,9780892640171,1974,Temporarily out of Stock
"Health, Conflict, and the Chinese Political System",HC,9780892640188,1974,Out of Print
Chinese and Japanese Music-Dramas,HC,9780892640195,1975,Out of Print
Hsin-lun (New Treatise) and Other Writings by Huan T'an (43 B.C.–28 A.D.),HC,9780892640201,1975,Out of Print
Rebellion in Nineteenth-Century China,PB,9780892640218,1975,Active
"Between Two Plenums: China's Intraleadership Conflict, 1959–1962",HC,9780892640225,1975,Out of Print
"""Proletarian Hegemony"" in the Chinese Revolution and the Canton Commune of 1927",HC,9780892640232,1975,Out of Print
"Chinese Communist Materials at the Bureau of Investigation Archives, Taiwan",PB,9780892640249,1976,Out of Print
"Shanghai Old-Style Banks (Ch'ien-chuang), 1800–1935: A Traditional Institution in a Changing Society",HC,9780892640256,1976,Out of Print
The Sian Incident: A Pivotal Point in Modern Chinese History,PB,9780892640263,1976,Out of Print
State and Society in Eighteenth-Century China: The Ch'ing Empire in Its Glory,PB,9780892640270,1976,Active
"Intellectual Ferment for Political Reforms in Taiwan, 1971–1973",PB,9780892640287,1976,Active
Foreign Establishment in China in the Early Twentieth Century,PB,9780892640294,1976,Active
A Translation of Lao-tzu's Tao Te Ching and Wang Pi's Commentary,PB,9780892640300,1977,Out of Print
"Economic Trends in the Republic of China, 1912–1949",HC,9780892640317,1977,Out of Print
Chang Ch'un-ch'iao and Shanghai's January Revolution,HC,9780892640324,1977,Out of Print
Central Documents and Politburo Politics in China,PB,9780892640331,1978,Active
The Ming Dynasty: Its Origins and Evolving Institutions,HC,9780892640348,1978,Out of Print
Double Jeopardy: A Critique of Seven Yüan Courtroom Dramas,HC,9780892640355,1978,Out of Print
Chinese Domestic Politics and Foreign Policy in the 1970s,PB,9780892640362,1979,Out of Stock Indefinitely
"Shanghai, 1925: Urban Nationalism and the Defense of Foreign Privilege",HC,9780892640379,1979,Out of Print
Voices from Afar: Modern Chinese Writers on Oppressed Peoples and Their Literature,PB,9780892640386,1980,Out of Stock Indefinitely
"Mao Zedong's ""Talks at the Yan'an Conference on Literature and Art"": A Translation of the 1943 Text with Commentary",PB,9780892640393,1980,Active
Yuarn Music Dramas: Studies in Prosody and Structure and a Complete Catalogue of Northern Arias in the Dramatic Style,PB,9780892640409,1981,Out of Print
Proclaiming Harmony,PB,9780892640416,1981,Out of Print
A Song for One or Two: Music and the Concept of Art in Early China,PB,9780892640423,1982,Active
The Economic Development of Manchuria: The Rise of a Frontier Economy,PB,9780892640430,1983,Active
A Bibliography of Chinese Language Materials on the People's Communes,PB,9780892640447,1982,Active
"Chinese Social and Economic History from the Song to 1900: Report of the American Delegation to a Sino-American Symposium, Beijing, 26 October–1 November 1980",PB,9780892640454,1982,Out of Print
China's Universities: Post-Mao Enrollment Policies and Their Impact on the Structure of Secondary Education,HC,9780892640508,1984,Out of Print
China's Universities: Post-Mao Enrollment Policies and Their Impact on the Structure of Secondary Education,PB,9780892640461,,Active
Songs from Xanadu: Studies in Mongol Dynasty Song-Poetry (San-ch'ü),PB,9780892640478,1983,Active
"Social Organization in South China, 1911–1949: The Case of Kuan Lineage in K'ai-p'ing County",HC,9780892640515,1984,Out of Stock Indefinitely
"Social Organization in South China, 1911–1949: The Case of Kuan Lineage in K'ai-p'ing County",PB,9780892640485,,Out of Print
"Labor and the Chinese Revolution: Class Strategies and Contradictions of Chinese Communism, 1928–1948",HC,9780892640492,1983,Active
Soviet Studies of Premodern China: Assessments of Recent Scholarship,HC,9780892640522,1984,Active
Soviet Studies of Premodern China: Assessments of Recent Scholarship,PB,9780892640539,,Active
Career Patterns in the Ch'ing Dynasty: The Office of the Governor General,HC,9780892640553,1981,Out of Print
Career Patterns in the Ch'ing Dynasty: The Office of the Governor General,PB,9780892640560,,Out of Print
Individualism and Holism: Studies in Confucian and Taoist Values,HC,9780892640577,1981,Out of Print
Individualism and Holism: Studies in Confucian and Taoist Values,PB,9780892640584,,Active
Educational Reform in Early Twentieth-Century China,HC,9780892640614,1988,Out of Stock Indefinitely
Educational Reform in Early Twentieth-Century China,PB,9780892640621,,Out of Print
"The Red Spears, 1916–1949",HC,9780892640607,1981,Out of Print
"The Red Spears, 1916–1949",PB,9780892640591,,Out of Print
Paths to Power: Elite Mobility in Contemporary China,HC,9780892640638,1988,Active
Paths to Power: Elite Mobility in Contemporary China,PB,9780892640645,,Active
Citizens and Groups in Contemporary China,HC,9780892640652,1987,Active
Citizens and Groups in Contemporary China,PB,9780892640669,,Out of Print
Exiles at Home: Short Stories by Ch'en Ying-chen,HC,9780892640676,1981,Out of Print
Exiles at Home: Short Stories by Ch'en Ying-chen,PB,9780892640683,,Out of Print
Geographical Sources of Ming-Qing History,HC,9780892641529,2002,Active
Geographical Sources of Ming-Qing History,PB,9780892641536,,Active
Mandarin and the Cadre: China's Political Cultures,HC,9780892640829,1981,Out of Print
Mandarin and the Cadre: China's Political Cultures,PB,9780892640836,,Active
"Nourish the People: The State Civilian Granary System in China, 1650–1850",HC,9780892640904,1991,Out of Print
"Nourish the People: The State Civilian Granary System in China, 1650–1850",PB,9780892640911,,Active
Taoist Meditation and Longevity Techniques,HC,9780892640843,1981,Out of Print
Taoist Meditation and Longevity Techniques,PB,9780892640850,,Active
Chinese Theater in Days of Kublai Khan,PB,9780892640935,1991,Active
In the Voice of Others: Chinese Music Bureau Poetry,HC,9780892640966,1992,Out of Print
In the Voice of Others: Chinese Music Bureau Poetry,PB,9780892640973,,Active
Song-Poems from Xanadu,HC,9780892640942,1993,Out of Print
Song-Poems from Xanadu,PB,9780892640959,,Active
Classifying the Zhuangzi Chapters,HC,9780892641062,1995,Out of Print
Classifying the Zhuangzi Chapters,PB,9780892641642,,Active
Tao Qian and the Chinese Poetic Tradition: The Quest for Cultural Identity,HC,9780892641086,1995,Active
Tao Qian and the Chinese Poetic Tradition: The Quest for Cultural Identity,PB,9780892641093,,Active
Pearl from the Dragon's Mouth: Evocation of Scene and Feeling in Chinese Poetry,HC,9780892641109,1995,Active
Painting and Calligraphy in the Wu-tsa-tsu: Conservative Aesthetics in Seventeenth-Century China,HC,9780892640980,1997,Active
"Controlling from Afar: The Daoguang Emperor's Management of the Grand Canal Crisis, 1824–1826",HC,9780892641147,1996,Active
"Controlling from Afar: The Daoguang Emperor's Management of the Grand Canal Crisis, 1824–1826",PB,9780892641192,,Active
"Studies in the Economic History of Late Imperial China: Handicraft, Modern Industry, and the State",HC,9780892641178,1996,Active
"The Chinese Economy, 1870–1949",HC,9780892641185,1996,Active
The Imperial Style of Inquiry in Twentieth-Century China: The Emergence of New Approaches,HC,9780892641208,1996,Active
"Conflicting Counsels to Confuse the Age: A Documentary Study of Political Economy in Qing China, 1644–1840",HC,9780892641154,1996,Active
A Guide to Chinese Literature,HC,9780892640997,1997,Out of Stock Indefinitely
A Guide to Chinese Literature,PB,9780892641239,,Active
A Guide to Chinese Literature,EB,9781938937064,,Active
The Matrix of Lyric Transformation: Poetic Modes and Self-Presentation in Early Chinese Pentasyllabic Poetry,HC,9780892641116,1997,Active
An Index to Reproductions of Paintings by Twentieth-Century Chinese Artists,HC,9780892641260,1998,Active
Chan-kuo Ts'e,HC,9780892641222,1996,Active
Constructing China: The Interaction of Culture and Economics,HC,9780892641215,1997,Out of Print
Appropriation and Representation: Feng Menglong and the Chinese Vernacular Story,HC,9780892641253,1998,Out of Print
Reform and Revolution in China: The 1911 Revolution in Hunan and Hubei,HC,9780892641307,1998,Active
"The Chinese: Adapting the Past, Building the Future",PB,9780892640715,1986,
Mao's Revolution and the Chinese Political Culture,HC,9780892641321,1998,Out of Print
"Legends of the Warring States: Persuasions, Romances, and Stories from Chan-kuo Ts'e",HC,9780892641277,1998,Out of Print
"Legends of the Warring States: Persuasions, Romances, and Stories from Chan-kuo Ts'e",PB,9780892641291,,Active
God of the Dao: Lord Lao in History and Myth,HC,9780892641284,1999,Active
God of the Dao: Lord Lao in History and Myth,PB,9780892641338,,Active
Sui-Tang Chang'an: A Study in the Urban History of Late Medieval China,HC,9780892641376,2000,Active
Chen Jiongming and the Federalist Movement: Regional Leadership and Nation Building in Early Republican China,HC,9780892641352,2000,Active
Chen Jiongming and the Federalist Movement: Regional Leadership and Nation Building in Early Republican China,EB,9781938937071,,Active
Swallows and Settlers: The Great Migration from North China to Manchuria,HC,9780892641345,2000,Active
The Peony Pavilion Onstage: Four Centuries in the Career of a Chinese Drama,HC,9780892641369,2012,Out of Stock Indefinitely
The Peony Pavilion Onstage: Four Centuries in the Career of a Chinese Drama,PB,9780892649082,,Active
"A Glossary of Words and Phrases in the Oral Performing and Dramatic Literatures of the Jin, Yuan, and Ming",HC,9780892641383,2002,Active
"Radicalism and Its Demise: The Chinese Nationalist Party, Factionalism, and Local Elites in Jiangsu Province, 1924–1931",HC,9780892641390,2000,Active
"Christianity in Rural China: Conflict and Accommodation in Jiangxi Province, 1860–1900",HC,9780892641468,2001,Active
"Screening China: Critical Interventions, Cinematic Reconfigurations, and the Transnational Imaginary in Contemporary Chinese Cinema",HC,9780892641475,2001,Active
"Screening China: Critical Interventions, Cinematic Reconfigurations, and the Transnational Imaginary in Contemporary Chinese Cinema",PB,9780892641581,,Active
The Chinese Garden as Lyric Enclave: A Generic Study of The Story of the Stone,HC,9780892641482,2001,Out of Print
The Chinese Garden as Lyric Enclave: A Generic Study of The Story of the Stone,PB,9780892649075,,Active
Art and Aesthetics in Chinese Popular Prints: Selections from the Muban Foundation Collection,PB,9780892641543,2002,Active
Shih-shuo Hsin-yü: A New Account of Tales of the World,HC,9780892641550,2002,Active
Shih-shuo Hsin-yü: A New Account of Tales of the World,PB,9781938937019,,Active
Shih-shuo Hsin-yü: A New Account of Tales of the World,EB,9781938937057,,Active
China's Revolutions and Intergenerational Relations,HC,9780892641604,2003,Active
"Defining Modernity: Guomindang Rhetorics of a New China, 1920–1970",HC,9780892641611,2002,Active
"The Dianshizhai Pictorial: Shanghai Urban Life, 1884–1898",PB,9780892641628,2003,Active
"The Dianshizhai Pictorial: Shanghai Urban Life, 1884–1898",EB,9781938937040,,Active
Salt and State: An Annotated Translation of the Songshi Salt Monopoly Treatise,HC,9780892641635,2004,Active
Banner Legacy: The Rise of the Fengtian Local Elite at the End of the Qing,HC,9780892641659,2004,Active
Banner Legacy: The Rise of the Fengtian Local Elite at the End of the Qing,PB,9781938937002,,Active
"China: Adapting the Past, Confronting the Future",PB,9780892641567,2002,Active
"China: Adapting the Past, Confronting the Future",EB,9781938937026,,Active
"The Chinese: Adapting the Past, Facing the Future",PB,9780892641000,1991,Out of Print
Chinese Language Patterns: A Computerized Resource,HC,9780892640690,1981,Out of Print
The Coterminal Characteristics of Political Units and Economic Regions in China,HC,9780892640546,1983,Out of Print
Getting Around in Chinese: Chinese Skits for Beginners,PB,9780892641406,2000,Active
"Hebei Province, Dahe Commune/Township: Data Sets and Codebook",HC,9780892640867,1981,Out of Print
"Research Guide to People's Daily Editorials, 1949–1975",PB,9780892649495,1982,Out of Stock Indefinitely
"Study Guide to China: Adapting the Past, Confronting the Future",PB,9780892641574,2003,Active
"Study Guide to The Chinese: Adapting the Past, Facing the Future",PB,9780892641048,1992,Active
The Washing Away of Wrongs: Forensic Medicine in Thirteenth-Century China,HC,9780892648016,1981,Out of Print
The Washing Away of Wrongs: Forensic Medicine in Thirteenth-Century China,PB,9780892648009,,Active
The Washing Away of Wrongs: Forensic Medicine in Thirteenth-Century China,EB,9781938937033,,Active
Traditional Medicine in Contemporary China: A Partial Translation of Revised Outline of Chinese Medicine (1972) with an Introductory Study on Change in Present-Day and Early Medicine,HC,9780892640737,1987,Active
Traditional Medicine in Contemporary China: A Partial Translation of Revised Outline of Chinese Medicine (1972) with an Introductory Study on Change in Present-Day and Early Medicine,PB,9780892640744,,Active
Science and Medicine in Twentieth-Century China: Research and Education,HC,9780892640775,1988,Active
Science and Medicine in Twentieth-Century China: Research and Education,PB,9780892640782,,Active
"Japan's First Modern Novel: ""Ukigumo"" of Futabatei Shimei",PB,9780939512447,1990,Out of Print
Grass on the Wayside (Michikusa): A Novel,PB,9780939512454,1990,Out of Print
"Kafū the Scribbler: The Life and Writings of Nagai Kafū, 1897-1959",PB,9780939512461,1990,Active
"Ōkagami, The Great Mirror: Fujiwara Michinaga (966-1027) and His Times",PB,9780939512508,1991,Active
The Love Suicide at Amijima: A Study of a Japanese Domestic Tragedy by Chikamatsu Monzaemon,PB,9780939512515,1991,Out of Print
Literary and Art Theories in Japan,PB,9780939512522,1991,Active
Japan: From Prehistory to Modern Times,PB,9780939512546,1991,Active
Education in Tokugawa Japan,PB,9780939512591,1992,Active
Tales of Times Now Past: Sixty-Two Stories from a Medieval Japanese Collection,PB,9780939512614,1993,Active
"The Economic Development of Japan: Growth and Structural Change, 1868-1938",PB,9780939512621,1993,Active
Research in Japanese Sources: A Guide,PB,9780939512652,1994,Active
"This Kind of Woman: Ten Stories by Japanese Women Writers, 1960-1976",PB,9780939512669,1994,Out of Print
Personality in Japanese History,PB,9780939512676,1995,Active
Suye Mura: A Japanese Village,PB,9780939512683,1995,Out of Print
"They Came to Japan: An Anthology of European Reports on Japan, 1543-1640",PB,9780939512737,1995,Active
Accomplices of Silence: The Modern Japanese Novel,PB,9780939512768,1996,Active
And Then,PB,9780939512829,1997,Out of Print
"Tokugawa Ideology: Early Constructs, 1570-1680",PB,9780939512850,1998,Active
"Government and Local Power in Japan, 500-1700: A Study Based on Bizen Province",PB,9780939512966,1999,Active
Japan in Crisis: Essays on Taishō Democracy,PB,9780939512973,1999,Active
The Splendor of Longing in the Tale of Genji,PB,9781929280056,2001,Active
Victors' Justice: The Tokyo War Crimes Trial,PB,9781929280063,2001,Active
Sanshiro: A Novel,PB,9781929280100,2002,Out of Print
Christian Converts and Social Protests in Meiji Japan,PB,9781929280209,2002,Active
Paradise in the Sea of Sorrow: Our Minamata Disease,PB,9781929280254,2003,Active
Pictures of the Heart: The Hyakunin Isshu in Word and Image,PB,9781929280858,2015,Active
A Japanese New Religion: Risshō Kōsei-kai in a Mountain Hamlet,HC,9780939512331,1988,Out of Print
A Japanese New Religion: Risshō Kōsei-kai in a Mountain Hamlet,EB (OA),9780472880072,2004,BLANK
The Three Jewels: A Study and Translation of Minamoto Tamenori's Sanbōe,HC,9780939512348,1988,Out of Print
The Three Jewels: A Study and Translation of Minamoto Tamenori's Sanbōe,EB (OA),9780472880089,2004,BLANK
"Long, Long Autumn Nights: Selected Poems of Oguma Hideo, 1901–1940",HC,9780939512393,1989,Active
"Long, Long Autumn Nights: Selected Poems of Oguma Hideo, 1901–1940",PB,9780939512942,1999,Active
"Theater as Music: The Bunraku Play ""Mt. Imo and Mt. Se: An Exemplary Tale of Womanly Virtue""",HC,9780939512386,1990,Active
The Buddhist Poetry of the Great Kamo Priestess: Daisaiin Senshi and Hosshin Wakashū,HC,9780939512416,1991,Out of Print
The Buddhist Poetry of the Great Kamo Priestess: Daisaiin Senshi and Hosshin Wakashū,EB (OA),9780472880027,2007,BLANK
Rethinking Sorrow: Revelatory Tales of Late Medieval Japan,HC,9780939512423,1991,Out of Print
Rethinking Sorrow: Revelatory Tales of Late Medieval Japan,PB,9780939512744,1991,Active
Conversations with Shōtetsu,HC,9780939512430,1992,Active
The Cult of Kasuga Seen Through Its Art,HC,9780939512478,1992,Active
The Tale of Matsura: Fujiwara Teika's Experiment in Fiction,HC,9780939512485,1992,Active
Poems of the Five Mountains: An Introduction to the Literature of the Zen Monasteries,HC,9780939512539,1992,Active
New Leaves: Studies and Translations of Japanese Literature in Honor of Edward Seidensticker,HC,9780939512560,1993,Active
Black Eggs: Poems by Kurihara Sadako,HC,9780939512638,1994,Out of Print
Avatars of Vengeance: Japanese Drama and the Soga Literary Tradition,HC,9780939512690,1996,Active
The Wild Goose,HC,9780939512706,1996,Out of Print
The Wild Goose,PB,9780939512713,1995,Active
The Distant Isle: Studies and Translations of Japanese Literature in Honor of Robert H. Brower,HC,9780939512720,1997,Active
Regent Redux: A Life of the Statesman-Scholar Ichijō Kaneyoshi,HC,9780939512751,1996,Active
Righteous Cause or Tragic Folly: Changing Views of War in Modern Japanese Poetry,HC,9780939512775,1998,Active
Child of Darkness: Yōko and Other Stories,HC,9780939512782,1997,Out of Print
Child of Darkness: Yōko and Other Stories,PB,9780939512799,1997,Active
The Kagerō Diary: A Woman's Autobiographical Text from Tenth-Century Japan,HC,9780939512805,1997,Active
The Kagerō Diary: A Woman's Autobiographical Text from Tenth-Century Japan,PB,9780939512812,1997,Active
Studies in Modern Japanese Literature,HC,9780939512843,1997,Active
Writing and Renunciation in Medieval Japan: The Works of the Poet-Priest Kamo no Chōmei,HC,9780939512867,1998,Active
The Shade of Blossoms,HC,9780939512874,1998,Out of Print
The Shade of Blossoms,PB,9780939512881,1998,Active
"When We Say ""Hiroshima"": Selected Poems",PB,9780939512898,1999,Active
A Tanizaki Feast: The International Symposium in Venice,HC,9780939512904,1999,Active
Women and Class in Japanese History,HC,9780939512911,1999,Out of Print
Women and Class in Japanese History,PB,9781929280353,1999,Active
The Evolution of the Japanese Past and Perfective Suffixes,HC,9780939512928,1999,Active
Essays on the Modern Japanese Church,HC,9780939512935,2000,Active
Yosano Akiko and The Tale of Genji,HC,9780939512980,2000,Active
Spirits of Another Sort: The Plays of Izumi Kyōka,HC,9780939512010,2001,Active
"""Dark Pictures"" and Other Stories",HC,9780939512027,2000,Active
"""Dark Pictures"" and Other Stories",PB,9780939512034,2000,Active
"Local Voices, National Issues: The Impact of Local Initiative in Japanese Policy-Making",HC,9780939512041,2000,Active
Shugendō: Essays on the Structure of Japanese Folk Religion,HC,9780939512058,2001,Out of Print
Shugendō: Essays on the Structure of Japanese Folk Religion,PB,9781929280384,2007,Active
Shanghai: A Novel by Yokomitsu Riichi,HC,9781929280001,2001,Out of Print
Shanghai: A Novel by Yokomitsu Riichi,PB,9781929280018,2001,Active
The Phonological Basis for the Comparison of Japanese and Korean,HC,9781929280025,2000,Out of Print
Individual Dignity in Modern Japanese Thought: The Evolution of the Concept of Jinkaku in Moral and Educational Discourse,HC,9781929280032,2001,Active
Takebe Ayatari: A Bunjin Bohemian in Early Modern Japan,HC,9781929280049,2004,Active
Dances with Sheep: The Quest for Identity in the Fiction of Murakami Haruki,HC,9781929280070,2002,Active
"Figures of Desire: Wordplay, Spirit Possession, Fantasy, Madness, and Mourning in Japanese Noh Plays",HC,9781929280087,2002,Active
Treatise on Epistolary Style,HC,9781929280117,2002,Active
Transformations of Sensibility: The Phenomenology of Meiji Literature,HC,9781929280124,2002,Active
"Religion and Society in Nineteenth-Century Japan: A Study of the Southern Kantō Region, Using Late Edo and Early Meiji Gazetteers",HC,9781929280131,2002,Active
Confluences: Postwar Japan and France,HC,9781929280148,2002,Active
Engendering Faith: Women and Buddhism in Premodern Japan,HC,9781929280155,2003,Active
Modality and the Japanese Language,HC,9781929280186,2003,Active
Japanese Painting and National Identity: Okakura Tenshin and His Circle,HC,9781929280179,2004,Active
State of War: The Violent Order of Fourteenth-Century Japan,HC,9781929280162,2003,Active
State of War: The Violent Order of Fourteenth-Century Japan,PB,9781929280230,2003,Active
Song of Sadness,HC,9781929280216,2003,Active
Song of Sadness,PB,9781929280223,2003,Active
"Novel Japan: Spaces of Nationhood in Early Meiji Narrative, 1870–88",HC,9781929280247,2003,Active
Ozu's Anti-Cinema,HC,9781929280261,2003,Active
Ozu's Anti-Cinema,PB,9781929280278,2003,Active
"Musashino in Tuscany: Japanese Overseas Travel Literature, 1860–1912",HC,9781929280292,2004,Active
A Wife in Musashino,HC,9781929280285,2005,Active
JAPANimals: History and Culture in Japan's Animal Life,HC,9781929280308,2005,Active
JAPANimals: History and Culture in Japan's Animal Life,PB,9781929280315,2005,Active
"Shadows on the Screen: Tanizaki Jun'ichirō on Cinema and ""Oriental"" Aesthetics",HC,9781929280322,2005,Active
"Shadows on the Screen: Tanizaki Jun'ichirō on Cinema and ""Oriental"" Aesthetics",PB,9781929280339,2005,Active
Objects of Discourse: Memoirs by Women of Heian Japan,HC,9781929280346,2005,Active
Revealed Identity: The Noh Plays of Komparu Zenchiku,HC,9781929280360,2006,Active
A Zen Life in Nature: Musō Soseki in His Gardens,HC,9781929280377,2007,Active
A Zen Life in Nature: Musō Soseki in His Gardens,PB,9781929280414,2007,Active
A Cultural History of Japanese Women's Language,HC,9781929280391,2006,Active
School of Freedom,HC,9781929280407,2006,Active
Mishima on Stage: The Black Lizard and Other Plays,HC,9781929280421,2008,Active
Mishima on Stage: The Black Lizard and Other Plays,PB,9781929280438,2008,Active
"The Bluestockings of Japan: New Woman Essays and Fiction from Seitō, 1911–16",HC,9781929280445,2007,Active
"The Bluestockings of Japan: New Woman Essays and Fiction from Seitō, 1911–16",PB,9781929280452,2008,Active
White-Haired Melody,HC,9781929280469,2008,Active
"Preachers, Poets, Women, and the Way: Izumi Shikibu and the Buddhist Literature of Medieval Japan",HC,9781929280476,2008,Active
"Preachers, Poets, Women, and the Way: Izumi Shikibu and the Buddhist Literature of Medieval Japan",PB,9781929280483,2008,Active
Daily Life and Demographics in Ancient Japan,HC,9781929280490,2009,Active
Daily Life and Demographics in Ancient Japan,PB,9781929280506,2009,Active
A Page of Madness: Cinema and Modernity in 1920s Japan,HC,9781929280513,2009,Active
A Page of Madness: Cinema and Modernity in 1920s Japan,PB,9781929280520,2009,Active
A Page of Madness: Cinema and Modernity in 1920s Japan,EB,9781929280742,2009,Active
Research Guide to Japanese Film Studies,HC,9781929280537,2009,Active
Research Guide to Japanese Film Studies,PB,9781929280544,2009,Active
Research Guide to Japanese Film Studies,EB,9781929280735,2009,Active
An Anthology of Nagauta,HC,9781929280568,2010,Active
An Anthology of Nagauta,PB,9781929280575,2010,Active
"Television, Japan, and Globalization",HC,9781929280582,2010,Active
"Television, Japan, and Globalization",PB,9781929280599,2010,Active
"Television, Japan, and Globalization",EB,9781929280766,2010,Active
"The Linguistic Turn in Contemporary Japanese Literary Studies: Politics, Language, Textuality",HC,9781929280605,2010,Active
"The Linguistic Turn in Contemporary Japanese Literary Studies: Politics, Language, Textuality",PB,9781929280612,2010,Active
Imagination without Borders: Feminist Artist Tomiyama Taeko and Social Responsibility,HC,9781929280629,2010,Active
Imagination without Borders: Feminist Artist Tomiyama Taeko and Social Responsibility,PB,9781929280636,2010,Active
The Female as Subject: Reading and Writing in Early Modern Japan,HC,9781929280643,2010,Active
The Female as Subject: Reading and Writing in Early Modern Japan,PB,9781929280650,2010,Active
The Female as Subject: Reading and Writing in Early Modern Japan,EB,9781929280759,2016,Active
Women and Public Life in Early Meiji Japan: The Development of the Feminist Movement,HC,9781929280667,2011,Active
Women and Public Life in Early Meiji Japan: The Development of the Feminist Movement,PB,9781929280674,2011,Active
Nowaki,PB,9781929280681,2011,Active
Nowaki,EB,9781929280728,2011,Active
Laughing Wolf,PB,9781929280698,2011,Active
Rethinking Japanese History,HC,9781929280704,2012,Active
Rethinking Japanese History,PB,9781929280711,2012,Active
"Conquering Demons: The ""Kirishitan,"" Japan, and the World in Early Modern Japanese Literature",HC,9781929280773,2013,Active
"Conquering Demons: The ""Kirishitan,"" Japan, and the World in Early Modern Japanese Literature",PB,9781929280780,2013,Active
"Lords of the Sea: Pirates, Violence, and Commerce in Late Medieval Japan",HC,9781929280803,2014,Active
"Lords of the Sea: Pirates, Violence, and Commerce in Late Medieval Japan",PB,9781929280810,2014,Active
Going to Court to Change Japan: Social Movements and the Law in Contemporary Japan,PB,9781929280834,2014,Active
Going to Court to Change Japan: Social Movements and the Law in Contemporary Japan,EB,9781929280841,2014,Active
The Culture of the Quake: The Great Kanto Earthquake and Taishō Japan,PB,9781929280865,2015,Active
The American and Japanese Auto Industries in Transition: Report of the Joint U.S.–Japan Automotive Study,PB,9780939512287,1984,Out of Print
The American and Japanese Auto Industries in Transition: Report of the Joint U.S.–Japan Automotive Study,EB,9780472880010,,Blank
Asia through Film: An Annotated Guide to Films on Asia in the University of Michigan Audio-Visual Education Center,HC,,1976,
Asia through Film: An Annotated Guide to Films on Asia in the University of Michigan Audio-Visual Education Center,EB,9780472880164,,Blank
Bibliographic Materials in the Japanese Language on Far Eastern Archeology and Ethnology,HC,,1950,Dormant
Bibliographic Materials in the Japanese Language on Far Eastern Archeology and Ethnology,EB,9780472880195,,Blank
A Bibliography of Japanese Dialects,HC,,1950,Dormant
A Bibliography of Japanese Dialects,EB,9780472880201,,Blank
A Bibliography of Reference Works for Japanese Studies,HC,,1979,
A Bibliography of Reference Works for Japanese Studies,EB,9780472880218,,Blank
Contemporary Japanese Budget Politics,HC,9780520025738,1977,
Contemporary Japanese Budget Politics,PB,9780520040878,,
Contemporary Japanese Budget Politics,EB,9780472880232,,Blank
Current Studies in Japanese Law,HC,,1979,
Current Studies in Japanese Law,EB,9780472880249,,Blank
Five Studies in Japanese Politics,HC,,1957,
Five Studies in Japanese Politics,EB,9780472880256,,Blank
Grand Old Man and the Great Tradition: Essays on Tanizaki Jun'ichirô in Honor of Adriana Boscaro,PB,9781929280551,2010,Active
How Policies Change: The Japanese Government and the Aging Society,HC,,1992,NYP Cancelled
How Policies Change: The Japanese Government and the Aging Society,PB,,,NYP Cancelled
How Policies Change: The Japanese Government and the Aging Society,EB,9780472880263,,Blank
An Introduction to Kambun,PB,9780939512003,1998,Out of Print
An Introduction to Kambun,EB,9780472880034,,Blank
"Japan Election Data: The House of Representatives, 1947–1990",HC,9780939512577,,Not Our Publication
"Japan Election Data: The House of Representatives, 1947–1990",PB,9780939512584,1992,Active
"Japan in the World, the World in Japan: Fifty Years of Japanese Studies at Michigan",PB,9780939512959,2001,Active
Japanese Economics: A Guide to Japanese Reference and Research Materials,HC,,1956,Dormant
Japanese Economics: A Guide to Japanese Reference and Research Materials,EB,9780472880294,,Blank
Japanese Geography: A Guide to Japanese Reference and Research Materials,HC,,1970,Dormant
Japanese Geography: A Guide to Japanese Reference and Research Materials,EB,9780472880300,,Blank
"Japanese History: A Guide to Survey Histories, Part I, By Period",HC,9780939512195,1984,Out of Print
"Japanese History: A Guide to Survey Histories, Part I, By Period",PB,9780939512270,,Out of Print
"Japanese History: A Guide to Survey Histories, Part I, By Period",EB,9780472880065,,Blank
"Japanese History: A Guide to Survey Histories, Part II, Literature",HC,9780939512256,1986,Out of Print
"Japanese History: A Guide to Survey Histories, Part II, Literature",EB,9780472880058,,Blank
Japanese History: A Guide to Japanese Reference and Research Materials,EB,9780472880317,,
Japanese Language Studies in the Shōwa Period: A Guide to Japanese Reference and Research Materials,HC,,1961,Dormant
Japanese Language Studies in the Shōwa Period: A Guide to Japanese Reference and Research Materials,EB,9780472880324,,Blank
Japanese Literature of the Shōwa Period: A Guide to Japanese Reference and Research Materials,HC,,1959,Dormant
Japanese Literature of the Shōwa Period: A Guide to Japanese Reference and Research Materials,EB,9780472880331,,Blank
Japanese Political Science: A Guide to Japanese Reference and Research Materials,HC,,1961,Dormant
Japanese Political Science: A Guide to Japanese Reference and Research Materials,EB,9780472880348,,Blank
Japanese Religion and Philosophy: A Guide to Japanese Reference and Research Materials,HC,,1959,Dormant
Japanese Religion and Philosophy: A Guide to Japanese Reference and Research Materials,EB,9780472880355,,Blank
Japanese Sociology and Social Anthropology: A Guide to Japanese Reference and Research Materials,HC,,1970,Dormant
Japanese Sociology and Social Anthropology: A Guide to Japanese Reference and Research Materials,EB,9780472880362,,Blank
Occasional Papers No. 1,EB,9780472880393,,
Occasional Papers No. 2,EB,9780472880270,,
Occasional Papers No. 4,EB,9780472880225,,
A Practical Guide for Teachers of Elementary Japanese,PB,9780939512164,1984,Active
The Social Democratic Movement in Prewar Japan,HC,,2005,
The Social Democratic Movement in Prewar Japan,EB,9780472880409,,Blank
Studies in Japanese Culture 1,HC,,1965,
Studies in Japanese Culture 1,EB,9780472880416,,Blank
Studies in Japanese Culture II,HC,,1965,
Studies in Japanese Culture II,EB,9780472880423,,Blank
Studies in Japanese History and Politics,HC,,1967,Dormant
Studies in Japanese History and Politics,EB,9780472880430,,Blank
Studies on Economic Life in Japan,HC,,1964,Dormant
Studies on Economic Life in Japan,EB,9780472880447,,Blank
Supplementary Grammar Notes to An Introduction to Modern Japanese: Part 1: Lessons 1-15,PB,9780939512294,1986,Active
Supplementary Grammar Notes to An Introduction to Modern Japanese: Part 2: Lessons 16-30,PB,9780939512324,1987,Active
Tanizaki in Western Languages: A Bibliography of Translations and Studies,HC,9780939512997,2000,Active
The Tokyo Trials: A Functional Index to the Proceedings of the International Military Tribunal for the Far East,HC,,1962,Dormant
The Tokyo Trials: A Functional Index to the Proceedings of the International Military Tribunal for the Far East,PB,,,Active
The Tokyo Trials: A Functional Index to the Proceedings of the International Military Tribunal for the Far East,EB,9780472880461,,Blank
Two Japanese Villages,HC,,1957,Dormant
Two Japanese Villages,EB,9780472880478,,Blank
Windows on the Japanese Past: Studies in Archaeology and Prehistory,PB,9780939512249,1986,Active
Political Leadership in Contemporary Japan,PB,9780939512065,1982,Active
"Parties, Candidates, and Voters in Japan: Six Quantitative Studies",PB,9780939512072,1981,Active
Japanese Automotive Industry: Model and Challenge for the Future?,PB,9780939512089,1981,Out of Print
Japanese Automotive Industry: Model and Challenge for the Future?,EB,9780472880041,,BLANK
"Survey of Japanese Collections in the United States, 1979–1980",PB,9780939512096,1979,Active
"Culture and Religion in Japanese-American Relations: Essays on Uchimura Kanzō, 1861–1930",PB,9780939512102,1982,Active
Sukeroku's Double Identity: The Dramatic Structure of Edo Kabuki,PB,9780939512119,1982,Out of Print
Industry at the Crossroads,PB,9780939512126,1982,Out of Print
Industry at the Crossroads,EB,9780472880133,,BLANK
Treelike: The Poetry of Kinoshita Yüji,PB,9780942668049,1982,Out of Print
The New Religions of Japan: A Bibliography of Western-Language Materials,PB,9780939512133,1983,Out of Print
The New Religions of Japan: A Bibliography of Western-Language Materials,EB,9780472880188,,BLANK
"Automobiles and the Future: Competition, Cooperation, and Change",PB,9780939512140,1983,Out of Print
"Automobiles and the Future: Competition, Cooperation, and Change",EB,9780472880119,,BLANK
Collective Decision Making in Rural Japan,PB,9780939512171,1984,Active
"""The Sting of Death"" and Other Stories",PB,9780939512188,1985,Out of Print
"""The Sting of Death"" and Other Stories",EB,9780472880003,,BLANK
The American Automobile Industry: Rebirth or Requiem?,PB,9780939512218,1984,Out of Print
The American Automobile Industry: Rebirth or Requiem?,EB,9780472880096,,BLANK
"Entrepreneurship in a ""Mature Industry""",PB,9780939512225,1986,Out of Print
"Entrepreneurship in a ""Mature Industry""",EB,9780472880126,,BLANK
The Japanese Competition: Phase 2,HC,9780939512317,1987,Out of Print
The Japanese Competition: Phase 2,PB,9780939512300,,Out of Print
The Japanese Competition: Phase 2,EB,9780472880157,,BLANK
Is There Enough Business to Go Around? Overcapacity in the Auto Industry,PB,9780939512355,1988,Out of Print
Is There Enough Business to Go Around? Overcapacity in the Auto Industry,EB,9780472880140,,BLANK
Protohistoric Yamato: Archaeology of the First Japanese State,PB,9780915703111,1988,Active
The Auto Industry Ahead: Who's Driving?,PB,9780939512362,1989,Out of Print
The Auto Industry Ahead: Who's Driving?,EB,9780472880102,,BLANK
Continuous Improvement: Quality Control Circles in Japanese Industry,PB,9780939512379,1989,Active
A History of Japan's Government-Business Relationship: The Passenger Car Industry,PB,9780939512409,1990,Active
The Transmission of Chinese Idealist Painting to Japan,PB,9780939512492,1992,Out of Print
Japanese Educational Productivity,PB,9780939512553,1992,Active
Literary Patronage in Late Medieval Japan,PB,9780939512607,1993,Active
A Student Guide to Japanese Sources in the Humanities,PB,9780939512645,1994,Active
The Tale of Saigyo,PB,9780939512836,1998,Active
"My Life: Living, Loving, and Fighting",PB,9781929280094,2001,Active
Ancient India in Its Wider World,HC,9780891480921,2006,Active
Beyond Curry: Quick and Easy Indian Cooking,PB,9780891480266,1999,Active
Masked Ritual and Performance in South India,HC,9780891480884,2006,Active
The Train that Had Wings: Selected Stories of M. Mukundan,HC,9780891480907,2005,Active
The Train that Had Wings: Selected Stories of M. Mukundan,PB,9780891480914,,Active
"Powerful Learning: Buddhist Literati and the Throne in Burma's Last Dynasty, 1752–1885",HC,9780891480938,2006,Active
The Ram Khamaeng Controversy: Collected Papers,PB,9780472530519,1999,Out of Print
Studies in the Literature of the Great Vehicle: Three Mahayana Buddhist Texts,HC,9780891480549,1999,Out of Print
The Compound Verb in Hindi,PB,,1974,
Critical Studies in Indian Grammarians I: The Theory of Homogeneity (Sāvarṇya),PB,9780891480525,1975,Active
Introduction to Old Javanese Language and Literature: A Kawi Prose Anthology,PB,,1976,
Reaction to World News Events and the Influence of Mass Media in an Indian Village,HC,,1971,Out of Print
Change and the Persistence of Tradition in India: Five Lectures,HC,,1971,Out of Print
Compadre Colonialism: Studies in the Philippines under American Rule,HC,,1971,Out of Print
Compadre Colonialism: Studies in the Philippines under American Rule,PB,089148003X,,
"Doctoral Dissertations on South Asia, 1966–1970: An Annotated Bibliography Covering North America, Europe, and Australia",HC,,1971,Out of Print
"Doctoral Dissertations on South Asia, 1966–1970: An Annotated Bibliography Covering North America, Europe, and Australia",PB,0891480048,,
The Labors of the Datoe and Other Essays on the Bataks of Asahan (North Sumatra),PB,9780891480051,1973,Out of Print
Evil in the Morning of the World: Phenomenological Approaches to a Balinese Community,PB,9780883864180,1974,Out of Print
Kinship and History in South Asia: Four Lectures,PB,9780883864173,1974,Out of Print
Studies in Malaysian Oral and Musical Traditions,PB,9780883864913,1974,Out of Print
Law and Kingship in Thailand During the Reign of King Chulalongkorn,PB,9780891480099,1975,Out of Print
Fertility and Family Life in an Indian Village,PB,9780891480105,1999,Active
Explorations in Early Southeast Asian History: The Origins of Southeast Asian Statecraft,PB,9780891480112,1999,Out of Print
The Socialization of Family Size Values: Youth and Family Planning in an Indian Village,PB,9780891480129,1999,Active
"Economic Exchange and Social Interaction in Southeast Asia: Perspectives from Prehistory, History, and Ethnography",PB,9780891480136,1999,Out of Stock Indefinitely
Aryan and Non-Aryan in India,HC,9780891480457,1999,Out of Print
Aryan and Non-Aryan in India,PB,9780891480143,,Out of Print
Austronesian Studies: Papers from the Second Eastern Conference on Austronesian Languages,PB,9780891480150,1980,Out of Print
"Hindi Structures: Intermediate Level, with Drills, Exercises, and Key",PB,9780891480167,1999,Active
A Kawi Lexicon,PB,9780891480174,1999,Out of Print
"Tankas from the Koelz Collection, Museum of Anthropology, University of Michigan",PB,9780891480181,1980,Out of Print
The Padaeng Chronicle and the Jengtung State Chronicle Translated,HC,9780891480204,1981,Out of Print
The Padaeng Chronicle and the Jengtung State Chronicle Translated,PB,9780891480211,,Out of Print
The Lives of the Buddha in the Art and Literature of Asia,PB,9780891480235,1999,Active
Organization for Change: A Systems Analysis of Family Planning in Rural India,HC,9780891480198,1999,Out of Stock Indefinitely
The Philippine Economy and the United States: Studies in Past and Present Interactions,HC,9780891480242,1983,Out of Print
The Philippine Economy and the United States: Studies in Past and Present Interactions,PB,9780891480259,,Out of Print
"Karawitan: Source Readings in Javanese Gamelan and Vocal Music, Volume 1",HC,9780891480273,1999,Out of Print
"Philippine Society and the Individual: Selected Essays of Frank Lynch, 1949–1976",PB,9780891480297,1999,Active
Papers from a Conference on Thai Studies in Honor of William J. Gedney,HC,9780891480303,1999,Out of Stock Indefinitely
Legitimacy and Symbols: The South Asian Writings of F. W. Buckler,HC,9780891480327,1999,Active
Legitimacy and Symbols: The South Asian Writings of F. W. Buckler,PB,9780891480334,,Out of Stock Indefinitely
Cultural Values and Human Ecology in Southeast Asia,HC,9780891480396,,NYP Unscheduled - No B/O
Cultural Values and Human Ecology in Southeast Asia,PB,9780891480402,1981,Temporarily out of Stock
"Men to Bombay, Women at Home: Urban Influence on Sugao Village, Deccan Maharashtra, India, 1942–1982",HC,9780891480358,1999,Active
"Men to Bombay, Women at Home: Urban Influence on Sugao Village, Deccan Maharashtra, India, 1942–1982",PB,9780891480365,,Active
Selected Papers on Comparative Tai Studies,HC,9780891480372,1999,Out of Stock Indefinitely
Selected Papers on Comparative Tai Studies,PB,9780891480389,,Out of Stock Indefinitely
"Karawitan: Source Readings in Javanese Gamelan and Vocal Music, Volume 2",HC,9780891480341,1999,Out of Print
"Karawitan: Source Readings in Javanese Gamelan and Vocal Music, Volume 3",HC,9780891480419,1999,Out of Print
Ethnic Diversity and the Control of Natural Resources in Southeast Asia,HC,9780891480433,1999,Active
Ethnic Diversity and the Control of Natural Resources in Southeast Asia,PB,9780891480440,,Active
Writing on the Tongue,HC,9780891480471,1999,Active
Writing on the Tongue,PB,9780891480488,,NYP Unscheduled - No B/O
"The Burmese Polity, 1752–1819: Politics, Administration, and Social Organization in the Early Kon-baung Period",HC,9780891480563,1999,Out of Print
"The Burmese Polity, 1752–1819: Politics, Administration, and Social Organization in the Early Kon-baung Period",PB,9780891480570,,Out of Print
Boundaries of the Text: Epic Performances in South and Southeast Asia,HC,9780891480624,1999,Out of Print
Boundaries of the Text: Epic Performances in South and Southeast Asia,PB,9780891480631,,NYP Unscheduled - No B/O
Exemplar of Americanism: The Philippine Career of Dean C. Worcester,HC,9780891480594,1999,Out of Stock Indefinitely
Exemplar of Americanism: The Philippine Career of Dean C. Worcester,PB,9780891480600,,Out of Stock Indefinitely
Paninian Studies: Professor S. D. Joshi Felicitation Volume,HC,9780891480648,1999,Active
Paninian Studies: Professor S. D. Joshi Felicitation Volume,PB,9780891480655,,Out of Stock Indefinitely
"The Yay Language: Glossary, Texts, and Translations",HC,9780891480662,1999,Active
"The Tai Dialect of Lungming: Glossary, Texts, and Translations",HC,9780891480679,1999,Active
"Independence and Democracy in Burma, 1945–1952: The Turbulent Years",HC,9780891480686,1999,Active
"Independence and Democracy in Burma, 1945–1952: The Turbulent Years",PB,9780891480693,,Active
"The Saek Language: Glossary, Texts, and Translations",HC,9780891480730,1999,Temporarily out of Stock
"Southwestern Tai Dialects: Glossaries, Texts, and Translations",HC,9780891480747,1999,Active
"Central Tai Dialects: Glossaries, Texts, and Translations",HC,9780891480754,1999,Active
"The Lue Language: Glossaries, Texts and Translations",HC,9780891480761,1999,Active
"Tai Dialect Studies: Glossaries, Texts, and Translations",HC,9780891480778,1999,Active
Thai and Indic Literary Studies,HC,9780891480808,1999,Active
Samskrta-Subodhini: A Sanskrit Primer,HC,9780891480785,1999,Out of Stock Indefinitely
Samskrta-Subodhini: A Sanskrit Primer,PB,9780891480792,,Active
The Journey: Stories by K. C. Das,PB,9780891480815,2000,Active
Conversational Tamil,PB,9780891480822,2001,Active
Puppet Theater in Contemporary Indonesia: New Approaches to Performance Events,HC,9780891480839,2002,Active
Puppet Theater in Contemporary Indonesia: New Approaches to Performance Events,PB,9780891480846,,Active
"The Mertiyo Rathors of Merto, Rajasthan: Select Translations Bearing on the History of a Rajput Family, 1462–1660, Volumes 1–2",HC,9780891480853,2001,Active
The Pāḍæng Chronicle and the Jengtung State Chronicle Translated,PB,9780891480877,2002,Active
"Changing Lives, Changing Rites: Ritual and Social Dynamics in Philippine and Indonesian Uplands",PB,9780891480587,1999,Active
"After Duwagan: Deforestation, Succession, and Adaptation in Upland Luzon, Philippines",PB,9780891480617,1999,Active
